Suparna,Pal,Business Reach,suparna2702@gmail.com, 925-803-1569, Software Polycom CISCO
Wannalak,Pal,Business Reach,suparna2702@gmail.com, 925-803-1569, Software Polycom CISCO
Manlika,Pal,Business Reach,suparna2702@gmail.com, 925-803-1569, Software Polycom CISCO
Suparna,Pal,Business Reach,suparna2702@gmail.com, 925-803-1569, Software Polycom CISCO
Wannalak,Pal,Business Reach,suparna2702@gmail.com, 925-803-1569, Software Polycom CISCO
Manlika,Pal,Business Reach,suparna2702@gmail.com, 925-803-1569, Software Polycom CISCO
Pobtam,Pal,Business Reach,suparna2702@gmail.com, 925-803-1569, Software Polycom CISCO
Wannalak,Pal,Business Reach,suparna2702@gmail.com, 925-803-1569, Software Polycom CISCO
Shankha,Pal,Business Reach,suparna2702@gmail.com, 925-803-1569, Software Polycom CISCO
Joe ,Smith,Calcuware,joe@calcuware.com,408-555-4562,Software Mitel Asterisk
Mathew,Malcolm,Zerry,matt@zerry.com,510-432-4732,Cisco Juniper Brocade
Joe102,Smith7102,Calculate-102,Joe102@Calculate-102.com,408-102-0510,Cisco Juniper Brocade
Joe103,Smith7103,Calculate-103,Joe103@Calculate-103.com,408-103-0515,Cisco Juniper Brocade
Joe104,Smith7104,Calculate-104,Joe104@Calculate-104.com,408-104-0520,Cisco Juniper Brocade
Joe105,Smith7105,Calculate-105,Joe105@Calculate-105.com,408-105-0525,Cisco Juniper Brocade
Joe106,Smith7106,Calculate-106,Joe106@Calculate-106.com,408-106-0530,Cisco Juniper Brocade
Joe107,Smith7107,Calculate-107,Joe107@Calculate-107.com,408-107-0535,Cisco Juniper Brocade
Joe108,Smith7108,Calculate-108,Joe108@Calculate-108.com,408-108-0540,Cisco Juniper Brocade
Joe109,Smith7109,Calculate-109,Joe109@Calculate-109.com,408-109-0545,Cisco Juniper Brocade
Joe110,Smith7110,Calculate-110,Joe110@Calculate-110.com,408-110-0550,Cisco Juniper Brocade
Joe111,Smith7111,Calculate-111,Joe111@Calculate-111.com,408-111-0555,Cisco Juniper Brocade
Joe112,Smith7112,Calculate-112,Joe112@Calculate-112.com,408-112-0560,Cisco Juniper Brocade
Joe113,Smith7113,Calculate-113,Joe113@Calculate-113.com,408-113-0565,Cisco Juniper Brocade
Joe114,Smith7114,Calculate-114,Joe114@Calculate-114.com,408-114-0570,Cisco Juniper Brocade
Joe115,Smith7115,Calculate-115,Joe115@Calculate-115.com,408-115-0575,Cisco Juniper Brocade
Joe116,Smith7116,Calculate-116,Joe116@Calculate-116.com,408-116-0580,Cisco Juniper Brocade
Joe117,Smith7117,Calculate-117,Joe117@Calculate-117.com,408-117-0585,Cisco Juniper Brocade
Joe118,Smith7118,Calculate-118,Joe118@Calculate-118.com,408-118-0590,Cisco Juniper Brocade
Joe119,Smith7119,Calculate-119,Joe119@Calculate-119.com,408-119-0595,Cisco Juniper Brocade
Joe120,Smith7120,Calculate-120,Joe120@Calculate-120.com,408-120-0600,Cisco Juniper Brocade
Joe121,Smith7121,Calculate-121,Joe121@Calculate-121.com,408-121-0605,Cisco Juniper Brocade
Joe122,Smith7122,Calculate-122,Joe122@Calculate-122.com,408-122-0610,Cisco Juniper Brocade
Joe123,Smith7123,Calculate-123,Joe123@Calculate-123.com,408-123-0615,Cisco Juniper Brocade
Joe124,Smith7124,Calculate-124,Joe124@Calculate-124.com,408-124-0620,Cisco Juniper Brocade
Joe125,Smith7125,Calculate-125,Joe125@Calculate-125.com,408-125-0625,Cisco Juniper Brocade
Joe126,Smith7126,Calculate-126,Joe126@Calculate-126.com,408-126-0630,Cisco Juniper Brocade
Joe127,Smith7127,Calculate-127,Joe127@Calculate-127.com,408-127-0635,Cisco Juniper Brocade
Joe128,Smith7128,Calculate-128,Joe128@Calculate-128.com,408-128-0640,Cisco Juniper Brocade
Joe129,Smith7129,Calculate-129,Joe129@Calculate-129.com,408-129-0645,Cisco Juniper Brocade
Joe130,Smith7130,Calculate-130,Joe130@Calculate-130.com,408-130-0650,Cisco Juniper Brocade
Joe131,Smith7131,Calculate-131,Joe131@Calculate-131.com,408-131-0655,Cisco Juniper Brocade
Joe132,Smith7132,Calculate-132,Joe132@Calculate-132.com,408-132-0660,Cisco Juniper Brocade
Joe133,Smith7133,Calculate-133,Joe133@Calculate-133.com,408-133-0665,Cisco Juniper Brocade
Joe134,Smith7134,Calculate-134,Joe134@Calculate-134.com,408-134-0670,Cisco Juniper Brocade
Joe135,Smith7135,Calculate-135,Joe135@Calculate-135.com,408-135-0675,Cisco Juniper Brocade
Joe136,Smith7136,Calculate-136,Joe136@Calculate-136.com,408-136-0680,Cisco Juniper Brocade
Joe137,Smith7137,Calculate-137,Joe137@Calculate-137.com,408-137-0685,Cisco Juniper Brocade
Joe138,Smith7138,Calculate-138,Joe138@Calculate-138.com,408-138-0690,Cisco Juniper Brocade
Joe139,Smith7139,Calculate-139,Joe139@Calculate-139.com,408-139-0695,Cisco Juniper Brocade
Joe140,Smith7140,Calculate-140,Joe140@Calculate-140.com,408-140-0700,Cisco Juniper Brocade
Joe141,Smith7141,Calculate-141,Joe141@Calculate-141.com,408-141-0705,Cisco Juniper Brocade
Joe142,Smith7142,Calculate-142,Joe142@Calculate-142.com,408-142-0710,Cisco Juniper Brocade
Joe143,Smith7143,Calculate-143,Joe143@Calculate-143.com,408-143-0715,Cisco Juniper Brocade
Joe144,Smith7144,Calculate-144,Joe144@Calculate-144.com,408-144-0720,Cisco Juniper Brocade
Joe145,Smith7145,Calculate-145,Joe145@Calculate-145.com,408-145-0725,Cisco Juniper Brocade
Joe146,Smith7146,Calculate-146,Joe146@Calculate-146.com,408-146-0730,Cisco Juniper Brocade
Joe147,Smith7147,Calculate-147,Joe147@Calculate-147.com,408-147-0735,Cisco Juniper Brocade
Joe148,Smith7148,Calculate-148,Joe148@Calculate-148.com,408-148-0740,Cisco Juniper Brocade
Joe149,Smith7149,Calculate-149,Joe149@Calculate-149.com,408-149-0745,Cisco Juniper Brocade
Joe150,Smith7150,Calculate-150,Joe150@Calculate-150.com,408-150-0750,Cisco Juniper Brocade
Joe151,Smith7151,Calculate-151,Joe151@Calculate-151.com,408-151-0755,Cisco Juniper Brocade
Joe152,Smith7152,Calculate-152,Joe152@Calculate-152.com,408-152-0760,Cisco Juniper Brocade
Joe153,Smith7153,Calculate-153,Joe153@Calculate-153.com,408-153-0765,Cisco Juniper Brocade
Joe154,Smith7154,Calculate-154,Joe154@Calculate-154.com,408-154-0770,Cisco Juniper Brocade
Joe155,Smith7155,Calculate-155,Joe155@Calculate-155.com,408-155-0775,Cisco Juniper Brocade
Joe156,Smith7156,Calculate-156,Joe156@Calculate-156.com,408-156-0780,Cisco Juniper Brocade
Joe157,Smith7157,Calculate-157,Joe157@Calculate-157.com,408-157-0785,Cisco Juniper Brocade
Joe158,Smith7158,Calculate-158,Joe158@Calculate-158.com,408-158-0790,Cisco Juniper Brocade
Joe159,Smith7159,Calculate-159,Joe159@Calculate-159.com,408-159-0795,Cisco Juniper Brocade
Joe160,Smith7160,Calculate-160,Joe160@Calculate-160.com,408-160-0800,Cisco Juniper Brocade
Joe161,Smith7161,Calculate-161,Joe161@Calculate-161.com,408-161-0805,Cisco Juniper Brocade
Joe162,Smith7162,Calculate-162,Joe162@Calculate-162.com,408-162-0810,Cisco Juniper Brocade
Joe163,Smith7163,Calculate-163,Joe163@Calculate-163.com,408-163-0815,Cisco Juniper Brocade
Joe164,Smith7164,Calculate-164,Joe164@Calculate-164.com,408-164-0820,Cisco Juniper Brocade
Joe165,Smith7165,Calculate-165,Joe165@Calculate-165.com,408-165-0825,Cisco Juniper Brocade
Joe166,Smith7166,Calculate-166,Joe166@Calculate-166.com,408-166-0830,Cisco Juniper Brocade
Joe167,Smith7167,Calculate-167,Joe167@Calculate-167.com,408-167-0835,Cisco Juniper Brocade
Joe168,Smith7168,Calculate-168,Joe168@Calculate-168.com,408-168-0840,Cisco Juniper Brocade
Joe169,Smith7169,Calculate-169,Joe169@Calculate-169.com,408-169-0845,Cisco Juniper Brocade
Joe170,Smith7170,Calculate-170,Joe170@Calculate-170.com,408-170-0850,Cisco Juniper Brocade
Joe171,Smith7171,Calculate-171,Joe171@Calculate-171.com,408-171-0855,Cisco Juniper Brocade
Joe172,Smith7172,Calculate-172,Joe172@Calculate-172.com,408-172-0860,Cisco Juniper Brocade
Joe173,Smith7173,Calculate-173,Joe173@Calculate-173.com,408-173-0865,Cisco Juniper Brocade
Joe174,Smith7174,Calculate-174,Joe174@Calculate-174.com,408-174-0870,Cisco Juniper Brocade
Joe175,Smith7175,Calculate-175,Joe175@Calculate-175.com,408-175-0875,Cisco Juniper Brocade
Joe176,Smith7176,Calculate-176,Joe176@Calculate-176.com,408-176-0880,Cisco Juniper Brocade
Joe177,Smith7177,Calculate-177,Joe177@Calculate-177.com,408-177-0885,Cisco Juniper Brocade
Joe178,Smith7178,Calculate-178,Joe178@Calculate-178.com,408-178-0890,Cisco Juniper Brocade
Joe179,Smith7179,Calculate-179,Joe179@Calculate-179.com,408-179-0895,Cisco Juniper Brocade
Joe180,Smith7180,Calculate-180,Joe180@Calculate-180.com,408-180-0900,Cisco Juniper Brocade
Joe181,Smith7181,Calculate-181,Joe181@Calculate-181.com,408-181-0905,Cisco Juniper Brocade
Joe182,Smith7182,Calculate-182,Joe182@Calculate-182.com,408-182-0910,Cisco Juniper Brocade
Joe183,Smith7183,Calculate-183,Joe183@Calculate-183.com,408-183-0915,Cisco Juniper Brocade
Joe184,Smith7184,Calculate-184,Joe184@Calculate-184.com,408-184-0920,Cisco Juniper Brocade
Joe185,Smith7185,Calculate-185,Joe185@Calculate-185.com,408-185-0925,Cisco Juniper Brocade
Joe186,Smith7186,Calculate-186,Joe186@Calculate-186.com,408-186-0930,Cisco Juniper Brocade
Joe187,Smith7187,Calculate-187,Joe187@Calculate-187.com,408-187-0935,Cisco Juniper Brocade
Joe188,Smith7188,Calculate-188,Joe188@Calculate-188.com,408-188-0940,Cisco Juniper Brocade
Joe189,Smith7189,Calculate-189,Joe189@Calculate-189.com,408-189-0945,Cisco Juniper Brocade
Joe190,Smith7190,Calculate-190,Joe190@Calculate-190.com,408-190-0950,Cisco Juniper Brocade
Joe191,Smith7191,Calculate-191,Joe191@Calculate-191.com,408-191-0955,Cisco Juniper Brocade
Joe192,Smith7192,Calculate-192,Joe192@Calculate-192.com,408-192-0960,Cisco Juniper Brocade
Joe193,Smith7193,Calculate-193,Joe193@Calculate-193.com,408-193-0965,Cisco Juniper Brocade
Joe194,Smith7194,Calculate-194,Joe194@Calculate-194.com,408-194-0970,Cisco Juniper Brocade
Joe195,Smith7195,Calculate-195,Joe195@Calculate-195.com,408-195-0975,Cisco Juniper Brocade
Joe196,Smith7196,Calculate-196,Joe196@Calculate-196.com,408-196-0980,Cisco Juniper Brocade
Joe197,Smith7197,Calculate-197,Joe197@Calculate-197.com,408-197-0985,Cisco Juniper Brocade
Joe198,Smith7198,Calculate-198,Joe198@Calculate-198.com,408-198-0990,Cisco Juniper Brocade
Joe199,Smith7199,Calculate-199,Joe199@Calculate-199.com,408-199-0995,Cisco Juniper Brocade
Joe200,Smith7200,Calculate-200,Joe200@Calculate-200.com,408-200-1000,Cisco Juniper Brocade
Joe201,Smith7201,Calculate-201,Joe201@Calculate-201.com,408-201-1005,Cisco Juniper Brocade
Joe202,Smith7202,Calculate-202,Joe202@Calculate-202.com,408-202-1010,Cisco Juniper Brocade
Joe203,Smith7203,Calculate-203,Joe203@Calculate-203.com,408-203-1015,Cisco Juniper Brocade
Joe204,Smith7204,Calculate-204,Joe204@Calculate-204.com,408-204-1020,Cisco Juniper Brocade
Joe205,Smith7205,Calculate-205,Joe205@Calculate-205.com,408-205-1025,Cisco Juniper Brocade
Joe206,Smith7206,Calculate-206,Joe206@Calculate-206.com,408-206-1030,Cisco Juniper Brocade
Joe207,Smith7207,Calculate-207,Joe207@Calculate-207.com,408-207-1035,Cisco Juniper Brocade
Joe208,Smith7208,Calculate-208,Joe208@Calculate-208.com,408-208-1040,Cisco Juniper Brocade
Joe209,Smith7209,Calculate-209,Joe209@Calculate-209.com,408-209-1045,Cisco Juniper Brocade
Joe210,Smith7210,Calculate-210,Joe210@Calculate-210.com,408-210-1050,Cisco Juniper Brocade
Joe211,Smith7211,Calculate-211,Joe211@Calculate-211.com,408-211-1055,Cisco Juniper Brocade
Joe212,Smith7212,Calculate-212,Joe212@Calculate-212.com,408-212-1060,Cisco Juniper Brocade
Joe213,Smith7213,Calculate-213,Joe213@Calculate-213.com,408-213-1065,Cisco Juniper Brocade
Joe214,Smith7214,Calculate-214,Joe214@Calculate-214.com,408-214-1070,Cisco Juniper Brocade
Joe215,Smith7215,Calculate-215,Joe215@Calculate-215.com,408-215-1075,Cisco Juniper Brocade
Joe216,Smith7216,Calculate-216,Joe216@Calculate-216.com,408-216-1080,Cisco Juniper Brocade
Joe217,Smith7217,Calculate-217,Joe217@Calculate-217.com,408-217-1085,Cisco Juniper Brocade
Joe218,Smith7218,Calculate-218,Joe218@Calculate-218.com,408-218-1090,Cisco Juniper Brocade
Joe219,Smith7219,Calculate-219,Joe219@Calculate-219.com,408-219-1095,Cisco Juniper Brocade
Joe220,Smith7220,Calculate-220,Joe220@Calculate-220.com,408-220-1100,Cisco Juniper Brocade
Joe221,Smith7221,Calculate-221,Joe221@Calculate-221.com,408-221-1105,Cisco Juniper Brocade
Joe222,Smith7222,Calculate-222,Joe222@Calculate-222.com,408-222-1110,Cisco Juniper Brocade
Joe223,Smith7223,Calculate-223,Joe223@Calculate-223.com,408-223-1115,Cisco Juniper Brocade
Joe224,Smith7224,Calculate-224,Joe224@Calculate-224.com,408-224-1120,Cisco Juniper Brocade
Joe225,Smith7225,Calculate-225,Joe225@Calculate-225.com,408-225-1125,Cisco Juniper Brocade
Joe226,Smith7226,Calculate-226,Joe226@Calculate-226.com,408-226-1130,Cisco Juniper Brocade
Joe227,Smith7227,Calculate-227,Joe227@Calculate-227.com,408-227-1135,Cisco Juniper Brocade
Joe228,Smith7228,Calculate-228,Joe228@Calculate-228.com,408-228-1140,Cisco Juniper Brocade
Joe229,Smith7229,Calculate-229,Joe229@Calculate-229.com,408-229-1145,Cisco Juniper Brocade
Joe230,Smith7230,Calculate-230,Joe230@Calculate-230.com,408-230-1150,Cisco Juniper Brocade
Joe231,Smith7231,Calculate-231,Joe231@Calculate-231.com,408-231-1155,Cisco Juniper Brocade
Joe232,Smith7232,Calculate-232,Joe232@Calculate-232.com,408-232-1160,Cisco Juniper Brocade
Joe233,Smith7233,Calculate-233,Joe233@Calculate-233.com,408-233-1165,Cisco Juniper Brocade
Joe234,Smith7234,Calculate-234,Joe234@Calculate-234.com,408-234-1170,Cisco Juniper Brocade
Joe235,Smith7235,Calculate-235,Joe235@Calculate-235.com,408-235-1175,Cisco Juniper Brocade
Joe236,Smith7236,Calculate-236,Joe236@Calculate-236.com,408-236-1180,Cisco Juniper Brocade
Joe237,Smith7237,Calculate-237,Joe237@Calculate-237.com,408-237-1185,Cisco Juniper Brocade
Joe238,Smith7238,Calculate-238,Joe238@Calculate-238.com,408-238-1190,Cisco Juniper Brocade
Joe239,Smith7239,Calculate-239,Joe239@Calculate-239.com,408-239-1195,Cisco Juniper Brocade
Joe240,Smith7240,Calculate-240,Joe240@Calculate-240.com,408-240-1200,Cisco Juniper Brocade
Joe241,Smith7241,Calculate-241,Joe241@Calculate-241.com,408-241-1205,Cisco Juniper Brocade
Joe242,Smith7242,Calculate-242,Joe242@Calculate-242.com,408-242-1210,Cisco Juniper Brocade
Joe243,Smith7243,Calculate-243,Joe243@Calculate-243.com,408-243-1215,Cisco Juniper Brocade
Joe244,Smith7244,Calculate-244,Joe244@Calculate-244.com,408-244-1220,Cisco Juniper Brocade
Joe245,Smith7245,Calculate-245,Joe245@Calculate-245.com,408-245-1225,Cisco Juniper Brocade
Joe246,Smith7246,Calculate-246,Joe246@Calculate-246.com,408-246-1230,Cisco Juniper Brocade
Joe247,Smith7247,Calculate-247,Joe247@Calculate-247.com,408-247-1235,Cisco Juniper Brocade
Joe248,Smith7248,Calculate-248,Joe248@Calculate-248.com,408-248-1240,Cisco Juniper Brocade
Joe249,Smith7249,Calculate-249,Joe249@Calculate-249.com,408-249-1245,Cisco Juniper Brocade
Joe250,Smith7250,Calculate-250,Joe250@Calculate-250.com,408-250-1250,Cisco Juniper Brocade
Joe251,Smith7251,Calculate-251,Joe251@Calculate-251.com,408-251-1255,Cisco Juniper Brocade
Joe252,Smith7252,Calculate-252,Joe252@Calculate-252.com,408-252-1260,Cisco Juniper Brocade
Joe253,Smith7253,Calculate-253,Joe253@Calculate-253.com,408-253-1265,Cisco Juniper Brocade
Joe254,Smith7254,Calculate-254,Joe254@Calculate-254.com,408-254-1270,Cisco Juniper Brocade
Joe255,Smith7255,Calculate-255,Joe255@Calculate-255.com,408-255-1275,Cisco Juniper Brocade
Joe256,Smith7256,Calculate-256,Joe256@Calculate-256.com,408-256-1280,Cisco Juniper Brocade
Joe257,Smith7257,Calculate-257,Joe257@Calculate-257.com,408-257-1285,Cisco Juniper Brocade
Joe258,Smith7258,Calculate-258,Joe258@Calculate-258.com,408-258-1290,Cisco Juniper Brocade
Joe259,Smith7259,Calculate-259,Joe259@Calculate-259.com,408-259-1295,Cisco Juniper Brocade
Joe260,Smith7260,Calculate-260,Joe260@Calculate-260.com,408-260-1300,Cisco Juniper Brocade
Joe261,Smith7261,Calculate-261,Joe261@Calculate-261.com,408-261-1305,Cisco Juniper Brocade
Joe262,Smith7262,Calculate-262,Joe262@Calculate-262.com,408-262-1310,Cisco Juniper Brocade
Joe263,Smith7263,Calculate-263,Joe263@Calculate-263.com,408-263-1315,Cisco Juniper Brocade
Joe264,Smith7264,Calculate-264,Joe264@Calculate-264.com,408-264-1320,Cisco Juniper Brocade
Joe265,Smith7265,Calculate-265,Joe265@Calculate-265.com,408-265-1325,Cisco Juniper Brocade
Joe266,Smith7266,Calculate-266,Joe266@Calculate-266.com,408-266-1330,Cisco Juniper Brocade
Joe267,Smith7267,Calculate-267,Joe267@Calculate-267.com,408-267-1335,Cisco Juniper Brocade
Joe268,Smith7268,Calculate-268,Joe268@Calculate-268.com,408-268-1340,Cisco Juniper Brocade
Joe269,Smith7269,Calculate-269,Joe269@Calculate-269.com,408-269-1345,Cisco Juniper Brocade
Joe270,Smith7270,Calculate-270,Joe270@Calculate-270.com,408-270-1350,Cisco Juniper Brocade
Joe271,Smith7271,Calculate-271,Joe271@Calculate-271.com,408-271-1355,Cisco Juniper Brocade
Joe272,Smith7272,Calculate-272,Joe272@Calculate-272.com,408-272-1360,Cisco Juniper Brocade
Joe273,Smith7273,Calculate-273,Joe273@Calculate-273.com,408-273-1365,Cisco Juniper Brocade
Joe274,Smith7274,Calculate-274,Joe274@Calculate-274.com,408-274-1370,Cisco Juniper Brocade
Joe275,Smith7275,Calculate-275,Joe275@Calculate-275.com,408-275-1375,Cisco Juniper Brocade
Joe276,Smith7276,Calculate-276,Joe276@Calculate-276.com,408-276-1380,Cisco Juniper Brocade
Joe277,Smith7277,Calculate-277,Joe277@Calculate-277.com,408-277-1385,Cisco Juniper Brocade
Joe278,Smith7278,Calculate-278,Joe278@Calculate-278.com,408-278-1390,Cisco Juniper Brocade
Joe279,Smith7279,Calculate-279,Joe279@Calculate-279.com,408-279-1395,Cisco Juniper Brocade
Joe280,Smith7280,Calculate-280,Joe280@Calculate-280.com,408-280-1400,Cisco Juniper Brocade
Joe281,Smith7281,Calculate-281,Joe281@Calculate-281.com,408-281-1405,Cisco Juniper Brocade
Joe282,Smith7282,Calculate-282,Joe282@Calculate-282.com,408-282-1410,Cisco Juniper Brocade
Joe283,Smith7283,Calculate-283,Joe283@Calculate-283.com,408-283-1415,Cisco Juniper Brocade
Joe284,Smith7284,Calculate-284,Joe284@Calculate-284.com,408-284-1420,Cisco Juniper Brocade
Joe285,Smith7285,Calculate-285,Joe285@Calculate-285.com,408-285-1425,Cisco Juniper Brocade
Joe286,Smith7286,Calculate-286,Joe286@Calculate-286.com,408-286-1430,Cisco Juniper Brocade
Joe287,Smith7287,Calculate-287,Joe287@Calculate-287.com,408-287-1435,Cisco Juniper Brocade
Joe288,Smith7288,Calculate-288,Joe288@Calculate-288.com,408-288-1440,Cisco Juniper Brocade
Joe289,Smith7289,Calculate-289,Joe289@Calculate-289.com,408-289-1445,Cisco Juniper Brocade
Joe290,Smith7290,Calculate-290,Joe290@Calculate-290.com,408-290-1450,Cisco Juniper Brocade
Joe291,Smith7291,Calculate-291,Joe291@Calculate-291.com,408-291-1455,Cisco Juniper Brocade
Joe292,Smith7292,Calculate-292,Joe292@Calculate-292.com,408-292-1460,Cisco Juniper Brocade
Joe293,Smith7293,Calculate-293,Joe293@Calculate-293.com,408-293-1465,Cisco Juniper Brocade
Joe294,Smith7294,Calculate-294,Joe294@Calculate-294.com,408-294-1470,Cisco Juniper Brocade
Joe295,Smith7295,Calculate-295,Joe295@Calculate-295.com,408-295-1475,Cisco Juniper Brocade
Joe296,Smith7296,Calculate-296,Joe296@Calculate-296.com,408-296-1480,Cisco Juniper Brocade
Joe297,Smith7297,Calculate-297,Joe297@Calculate-297.com,408-297-1485,Cisco Juniper Brocade
Joe298,Smith7298,Calculate-298,Joe298@Calculate-298.com,408-298-1490,Cisco Juniper Brocade
Joe299,Smith7299,Calculate-299,Joe299@Calculate-299.com,408-299-1495,Cisco Juniper Brocade
Joe300,Smith7300,Calculate-300,Joe300@Calculate-300.com,408-300-1500,Cisco Juniper Brocade
Joe301,Smith7301,Calculate-301,Joe301@Calculate-301.com,408-301-1505,Cisco Juniper Brocade
Joe302,Smith7302,Calculate-302,Joe302@Calculate-302.com,408-302-1510,Cisco Juniper Brocade
Joe303,Smith7303,Calculate-303,Joe303@Calculate-303.com,408-303-1515,Cisco Juniper Brocade
Joe304,Smith7304,Calculate-304,Joe304@Calculate-304.com,408-304-1520,Cisco Juniper Brocade
Joe305,Smith7305,Calculate-305,Joe305@Calculate-305.com,408-305-1525,Cisco Juniper Brocade
Joe306,Smith7306,Calculate-306,Joe306@Calculate-306.com,408-306-1530,Cisco Juniper Brocade
Joe307,Smith7307,Calculate-307,Joe307@Calculate-307.com,408-307-1535,Cisco Juniper Brocade
Joe308,Smith7308,Calculate-308,Joe308@Calculate-308.com,408-308-1540,Cisco Juniper Brocade
Joe309,Smith7309,Calculate-309,Joe309@Calculate-309.com,408-309-1545,Cisco Juniper Brocade
Joe310,Smith7310,Calculate-310,Joe310@Calculate-310.com,408-310-1550,Cisco Juniper Brocade
Joe311,Smith7311,Calculate-311,Joe311@Calculate-311.com,408-311-1555,Cisco Juniper Brocade
Joe312,Smith7312,Calculate-312,Joe312@Calculate-312.com,408-312-1560,Cisco Juniper Brocade
Joe313,Smith7313,Calculate-313,Joe313@Calculate-313.com,408-313-1565,Cisco Juniper Brocade
Joe314,Smith7314,Calculate-314,Joe314@Calculate-314.com,408-314-1570,Cisco Juniper Brocade
Joe315,Smith7315,Calculate-315,Joe315@Calculate-315.com,408-315-1575,Cisco Juniper Brocade
Joe316,Smith7316,Calculate-316,Joe316@Calculate-316.com,408-316-1580,Cisco Juniper Brocade
Joe317,Smith7317,Calculate-317,Joe317@Calculate-317.com,408-317-1585,Cisco Juniper Brocade
Joe318,Smith7318,Calculate-318,Joe318@Calculate-318.com,408-318-1590,Cisco Juniper Brocade
Joe319,Smith7319,Calculate-319,Joe319@Calculate-319.com,408-319-1595,Cisco Juniper Brocade
Joe320,Smith7320,Calculate-320,Joe320@Calculate-320.com,408-320-1600,Cisco Juniper Brocade
Joe321,Smith7321,Calculate-321,Joe321@Calculate-321.com,408-321-1605,Cisco Juniper Brocade
Joe322,Smith7322,Calculate-322,Joe322@Calculate-322.com,408-322-1610,Cisco Juniper Brocade
Joe323,Smith7323,Calculate-323,Joe323@Calculate-323.com,408-323-1615,Cisco Juniper Brocade
Joe324,Smith7324,Calculate-324,Joe324@Calculate-324.com,408-324-1620,Cisco Juniper Brocade
Joe325,Smith7325,Calculate-325,Joe325@Calculate-325.com,408-325-1625,Cisco Juniper Brocade
Joe326,Smith7326,Calculate-326,Joe326@Calculate-326.com,408-326-1630,Cisco Juniper Brocade
Joe327,Smith7327,Calculate-327,Joe327@Calculate-327.com,408-327-1635,Cisco Juniper Brocade
Joe328,Smith7328,Calculate-328,Joe328@Calculate-328.com,408-328-1640,Cisco Juniper Brocade
Joe329,Smith7329,Calculate-329,Joe329@Calculate-329.com,408-329-1645,Cisco Juniper Brocade
Joe330,Smith7330,Calculate-330,Joe330@Calculate-330.com,408-330-1650,Cisco Juniper Brocade
Joe331,Smith7331,Calculate-331,Joe331@Calculate-331.com,408-331-1655,Cisco Juniper Brocade
Joe332,Smith7332,Calculate-332,Joe332@Calculate-332.com,408-332-1660,Cisco Juniper Brocade
Joe333,Smith7333,Calculate-333,Joe333@Calculate-333.com,408-333-1665,Cisco Juniper Brocade
Joe334,Smith7334,Calculate-334,Joe334@Calculate-334.com,408-334-1670,Cisco Juniper Brocade
Joe335,Smith7335,Calculate-335,Joe335@Calculate-335.com,408-335-1675,Cisco Juniper Brocade
Joe336,Smith7336,Calculate-336,Joe336@Calculate-336.com,408-336-1680,Cisco Juniper Brocade
Joe337,Smith7337,Calculate-337,Joe337@Calculate-337.com,408-337-1685,Cisco Juniper Brocade
Joe338,Smith7338,Calculate-338,Joe338@Calculate-338.com,408-338-1690,Cisco Juniper Brocade
Joe339,Smith7339,Calculate-339,Joe339@Calculate-339.com,408-339-1695,Cisco Juniper Brocade
Joe340,Smith7340,Calculate-340,Joe340@Calculate-340.com,408-340-1700,Cisco Juniper Brocade
Joe341,Smith7341,Calculate-341,Joe341@Calculate-341.com,408-341-1705,Cisco Juniper Brocade
Joe342,Smith7342,Calculate-342,Joe342@Calculate-342.com,408-342-1710,Cisco Juniper Brocade
Joe343,Smith7343,Calculate-343,Joe343@Calculate-343.com,408-343-1715,Cisco Juniper Brocade
Joe344,Smith7344,Calculate-344,Joe344@Calculate-344.com,408-344-1720,Cisco Juniper Brocade
Joe345,Smith7345,Calculate-345,Joe345@Calculate-345.com,408-345-1725,Cisco Juniper Brocade
Joe346,Smith7346,Calculate-346,Joe346@Calculate-346.com,408-346-1730,Cisco Juniper Brocade
Joe347,Smith7347,Calculate-347,Joe347@Calculate-347.com,408-347-1735,Cisco Juniper Brocade
Joe348,Smith7348,Calculate-348,Joe348@Calculate-348.com,408-348-1740,Cisco Juniper Brocade
Joe349,Smith7349,Calculate-349,Joe349@Calculate-349.com,408-349-1745,Cisco Juniper Brocade
Joe350,Smith7350,Calculate-350,Joe350@Calculate-350.com,408-350-1750,Cisco Juniper Brocade
Joe351,Smith7351,Calculate-351,Joe351@Calculate-351.com,408-351-1755,Cisco Juniper Brocade
Joe352,Smith7352,Calculate-352,Joe352@Calculate-352.com,408-352-1760,Cisco Juniper Brocade
Joe353,Smith7353,Calculate-353,Joe353@Calculate-353.com,408-353-1765,Cisco Juniper Brocade
Joe354,Smith7354,Calculate-354,Joe354@Calculate-354.com,408-354-1770,Cisco Juniper Brocade
Joe355,Smith7355,Calculate-355,Joe355@Calculate-355.com,408-355-1775,Cisco Juniper Brocade
Joe356,Smith7356,Calculate-356,Joe356@Calculate-356.com,408-356-1780,Cisco Juniper Brocade
Joe357,Smith7357,Calculate-357,Joe357@Calculate-357.com,408-357-1785,Cisco Juniper Brocade
Joe358,Smith7358,Calculate-358,Joe358@Calculate-358.com,408-358-1790,Cisco Juniper Brocade
Joe359,Smith7359,Calculate-359,Joe359@Calculate-359.com,408-359-1795,Cisco Juniper Brocade
Joe360,Smith7360,Calculate-360,Joe360@Calculate-360.com,408-360-1800,Cisco Juniper Brocade
Joe361,Smith7361,Calculate-361,Joe361@Calculate-361.com,408-361-1805,Cisco Juniper Brocade
Joe362,Smith7362,Calculate-362,Joe362@Calculate-362.com,408-362-1810,Cisco Juniper Brocade
Joe363,Smith7363,Calculate-363,Joe363@Calculate-363.com,408-363-1815,Cisco Juniper Brocade
Joe364,Smith7364,Calculate-364,Joe364@Calculate-364.com,408-364-1820,Cisco Juniper Brocade
Joe365,Smith7365,Calculate-365,Joe365@Calculate-365.com,408-365-1825,Cisco Juniper Brocade
Joe366,Smith7366,Calculate-366,Joe366@Calculate-366.com,408-366-1830,Cisco Juniper Brocade
Joe367,Smith7367,Calculate-367,Joe367@Calculate-367.com,408-367-1835,Cisco Juniper Brocade
Joe368,Smith7368,Calculate-368,Joe368@Calculate-368.com,408-368-1840,Cisco Juniper Brocade
Joe369,Smith7369,Calculate-369,Joe369@Calculate-369.com,408-369-1845,Cisco Juniper Brocade
Joe370,Smith7370,Calculate-370,Joe370@Calculate-370.com,408-370-1850,Cisco Juniper Brocade
Joe371,Smith7371,Calculate-371,Joe371@Calculate-371.com,408-371-1855,Cisco Juniper Brocade
Joe372,Smith7372,Calculate-372,Joe372@Calculate-372.com,408-372-1860,Cisco Juniper Brocade
Joe373,Smith7373,Calculate-373,Joe373@Calculate-373.com,408-373-1865,Cisco Juniper Brocade
Joe374,Smith7374,Calculate-374,Joe374@Calculate-374.com,408-374-1870,Cisco Juniper Brocade
Joe375,Smith7375,Calculate-375,Joe375@Calculate-375.com,408-375-1875,Cisco Juniper Brocade
Joe376,Smith7376,Calculate-376,Joe376@Calculate-376.com,408-376-1880,Cisco Juniper Brocade
Joe377,Smith7377,Calculate-377,Joe377@Calculate-377.com,408-377-1885,Cisco Juniper Brocade
Joe378,Smith7378,Calculate-378,Joe378@Calculate-378.com,408-378-1890,Cisco Juniper Brocade
Joe379,Smith7379,Calculate-379,Joe379@Calculate-379.com,408-379-1895,Cisco Juniper Brocade
Joe380,Smith7380,Calculate-380,Joe380@Calculate-380.com,408-380-1900,Cisco Juniper Brocade
Joe381,Smith7381,Calculate-381,Joe381@Calculate-381.com,408-381-1905,Cisco Juniper Brocade
Joe382,Smith7382,Calculate-382,Joe382@Calculate-382.com,408-382-1910,Cisco Juniper Brocade
Joe383,Smith7383,Calculate-383,Joe383@Calculate-383.com,408-383-1915,Cisco Juniper Brocade
Joe384,Smith7384,Calculate-384,Joe384@Calculate-384.com,408-384-1920,Cisco Juniper Brocade
Joe385,Smith7385,Calculate-385,Joe385@Calculate-385.com,408-385-1925,Cisco Juniper Brocade
Joe386,Smith7386,Calculate-386,Joe386@Calculate-386.com,408-386-1930,Cisco Juniper Brocade
Joe387,Smith7387,Calculate-387,Joe387@Calculate-387.com,408-387-1935,Cisco Juniper Brocade
Joe388,Smith7388,Calculate-388,Joe388@Calculate-388.com,408-388-1940,Cisco Juniper Brocade
Joe389,Smith7389,Calculate-389,Joe389@Calculate-389.com,408-389-1945,Cisco Juniper Brocade
Joe390,Smith7390,Calculate-390,Joe390@Calculate-390.com,408-390-1950,Cisco Juniper Brocade
Joe391,Smith7391,Calculate-391,Joe391@Calculate-391.com,408-391-1955,Cisco Juniper Brocade
Joe392,Smith7392,Calculate-392,Joe392@Calculate-392.com,408-392-1960,Cisco Juniper Brocade
Joe393,Smith7393,Calculate-393,Joe393@Calculate-393.com,408-393-1965,Cisco Juniper Brocade
Joe394,Smith7394,Calculate-394,Joe394@Calculate-394.com,408-394-1970,Cisco Juniper Brocade
Joe395,Smith7395,Calculate-395,Joe395@Calculate-395.com,408-395-1975,Cisco Juniper Brocade
Joe396,Smith7396,Calculate-396,Joe396@Calculate-396.com,408-396-1980,Cisco Juniper Brocade
Joe397,Smith7397,Calculate-397,Joe397@Calculate-397.com,408-397-1985,Cisco Juniper Brocade
Joe398,Smith7398,Calculate-398,Joe398@Calculate-398.com,408-398-1990,Cisco Juniper Brocade
Joe399,Smith7399,Calculate-399,Joe399@Calculate-399.com,408-399-1995,Cisco Juniper Brocade
Joe400,Smith7400,Calculate-400,Joe400@Calculate-400.com,408-400-2000,Cisco Juniper Brocade
Joe401,Smith7401,Calculate-401,Joe401@Calculate-401.com,408-401-2005,Cisco Juniper Brocade
Joe402,Smith7402,Calculate-402,Joe402@Calculate-402.com,408-402-2010,Cisco Juniper Brocade
Joe403,Smith7403,Calculate-403,Joe403@Calculate-403.com,408-403-2015,Cisco Juniper Brocade
Joe404,Smith7404,Calculate-404,Joe404@Calculate-404.com,408-404-2020,Cisco Juniper Brocade
Joe405,Smith7405,Calculate-405,Joe405@Calculate-405.com,408-405-2025,Cisco Juniper Brocade
Joe406,Smith7406,Calculate-406,Joe406@Calculate-406.com,408-406-2030,Cisco Juniper Brocade
Joe407,Smith7407,Calculate-407,Joe407@Calculate-407.com,408-407-2035,Cisco Juniper Brocade
Joe408,Smith7408,Calculate-408,Joe408@Calculate-408.com,408-408-2040,Cisco Juniper Brocade
Joe409,Smith7409,Calculate-409,Joe409@Calculate-409.com,408-409-2045,Cisco Juniper Brocade
Joe410,Smith7410,Calculate-410,Joe410@Calculate-410.com,408-410-2050,Cisco Juniper Brocade
Joe411,Smith7411,Calculate-411,Joe411@Calculate-411.com,408-411-2055,Cisco Juniper Brocade
Joe412,Smith7412,Calculate-412,Joe412@Calculate-412.com,408-412-2060,Cisco Juniper Brocade
Joe413,Smith7413,Calculate-413,Joe413@Calculate-413.com,408-413-2065,Cisco Juniper Brocade
Joe414,Smith7414,Calculate-414,Joe414@Calculate-414.com,408-414-2070,Cisco Juniper Brocade
Joe415,Smith7415,Calculate-415,Joe415@Calculate-415.com,408-415-2075,Cisco Juniper Brocade
Joe416,Smith7416,Calculate-416,Joe416@Calculate-416.com,408-416-2080,Cisco Juniper Brocade
Joe417,Smith7417,Calculate-417,Joe417@Calculate-417.com,408-417-2085,Cisco Juniper Brocade
Joe418,Smith7418,Calculate-418,Joe418@Calculate-418.com,408-418-2090,Cisco Juniper Brocade
Joe419,Smith7419,Calculate-419,Joe419@Calculate-419.com,408-419-2095,Cisco Juniper Brocade
Joe420,Smith7420,Calculate-420,Joe420@Calculate-420.com,408-420-2100,Cisco Juniper Brocade
Joe421,Smith7421,Calculate-421,Joe421@Calculate-421.com,408-421-2105,Cisco Juniper Brocade
Joe422,Smith7422,Calculate-422,Joe422@Calculate-422.com,408-422-2110,Cisco Juniper Brocade
Joe423,Smith7423,Calculate-423,Joe423@Calculate-423.com,408-423-2115,Cisco Juniper Brocade
Joe424,Smith7424,Calculate-424,Joe424@Calculate-424.com,408-424-2120,Cisco Juniper Brocade
Joe425,Smith7425,Calculate-425,Joe425@Calculate-425.com,408-425-2125,Cisco Juniper Brocade
Joe426,Smith7426,Calculate-426,Joe426@Calculate-426.com,408-426-2130,Cisco Juniper Brocade
